{"cameraMode":{"drawMode":0,"name":"Shaded","section":"Shading Mode"},"sceneLighting":false,"audioPlay":false,"sceneViewState":{"showFog":false,"showMaterialUpdate":false,"showSkybox":true,"showFlares":true,"showImageEffects":true,"showParticleSystems":true},"in2DMode":false,"pivot":{"x":27.54279327392578,"y":2.6607697010040285,"z":-5.695403575897217},"rotation":{"x":0.1048852801322937,"y":-0.8100787401199341,"z":0.15268337726593018,"w":0.556330680847168},"size":17.49407958984375,"orthographic":false}